{
  "hash": "48af64b7",
  "configHash": "1dc1ec17",
  "lockfileHash": "90bb2476",
  "browserHash": "20f359c2",
  "optimized": {
    "@angular/animations": {
      "src": "../../../../../node_modules/@angular/animations/fesm2022/animations.mjs",
      "file": "@angular_animations.js",
      "fileHash": "b3fa4cd1",
      "needsInterop": false
    },
    "@angular/cdk/keycodes": {
      "src": "../../../../../node_modules/@angular/cdk/fesm2022/keycodes.mjs",
      "file": "@angular_cdk_keycodes.js",
      "fileHash": "f682c7cf",
      "needsInterop": false
    },
    "@angular/common": {
      "src": "../../../../../node_modules/@angular/common/fesm2022/common.mjs",
      "file": "@angular_common.js",
      "fileHash": "0ae75362",
      "needsInterop": false
    },
    "@angular/common/http": {
      "src": "../../../../../node_modules/@angular/common/fesm2022/http.mjs",
      "file": "@angular_common_http.js",
      "fileHash": "3e60bd82",
      "needsInterop": false
    },
    "@angular/core": {
      "src": "../../../../../node_modules/@angular/core/fesm2022/core.mjs",
      "file": "@angular_core.js",
      "fileHash": "ce4b7730",
      "needsInterop": false
    },
    "@angular/forms": {
      "src": "../../../../../node_modules/@angular/forms/fesm2022/forms.mjs",
      "file": "@angular_forms.js",
      "fileHash": "e2a0d737",
      "needsInterop": false
    },
    "@angular/material/autocomplete": {
      "src": "../../../../../node_modules/@angular/material/fesm2022/autocomplete.mjs",
      "file": "@angular_material_autocomplete.js",
      "fileHash": "97d223f5",
      "needsInterop": false
    },
    "@angular/material/chips": {
      "src": "../../../../../node_modules/@angular/material/fesm2022/chips.mjs",
      "file": "@angular_material_chips.js",
      "fileHash": "6cf9db51",
      "needsInterop": false
    },
    "@angular/material/form-field": {
      "src": "../../../../../node_modules/@angular/material/fesm2022/form-field.mjs",
      "file": "@angular_material_form-field.js",
      "fileHash": "62c22abd",
      "needsInterop": false
    },
    "@angular/material/input": {
      "src": "../../../../../node_modules/@angular/material/fesm2022/input.mjs",
      "file": "@angular_material_input.js",
      "fileHash": "f0775b31",
      "needsInterop": false
    },
    "@angular/material/paginator": {
      "src": "../../../../../node_modules/@angular/material/fesm2022/paginator.mjs",
      "file": "@angular_material_paginator.js",
      "fileHash": "ad020a51",
      "needsInterop": false
    },
    "@angular/material/table": {
      "src": "../../../../../node_modules/@angular/material/fesm2022/table.mjs",
      "file": "@angular_material_table.js",
      "fileHash": "870386ea",
      "needsInterop": false
    },
    "@angular/platform-browser": {
      "src": "../../../../../node_modules/@angular/platform-browser/fesm2022/platform-browser.mjs",
      "file": "@angular_platform-browser.js",
      "fileHash": "d450f547",
      "needsInterop": false
    },
    "@angular/platform-browser/animations": {
      "src": "../../../../../node_modules/@angular/platform-browser/fesm2022/animations.mjs",
      "file": "@angular_platform-browser_animations.js",
      "fileHash": "6a20da99",
      "needsInterop": false
    },
    "@angular/router": {
      "src": "../../../../../node_modules/@angular/router/fesm2022/router.mjs",
      "file": "@angular_router.js",
      "fileHash": "5e859c65",
      "needsInterop": false
    },
    "@stomp/stompjs": {
      "src": "../../../../../node_modules/@stomp/stompjs/esm6/index.js",
      "file": "@stomp_stompjs.js",
      "fileHash": "716c5fd4",
      "needsInterop": false
    },
    "jwt-decode": {
      "src": "../../../../../node_modules/jwt-decode/build/esm/index.js",
      "file": "jwt-decode.js",
      "fileHash": "fe040003",
      "needsInterop": false
    },
    "ngx-toastr": {
      "src": "../../../../../node_modules/ngx-toastr/fesm2022/ngx-toastr.mjs",
      "file": "ngx-toastr.js",
      "fileHash": "85270fd2",
      "needsInterop": false
    },
    "rxjs": {
      "src": "../../../../../node_modules/rxjs/dist/esm5/index.js",
      "file": "rxjs.js",
      "fileHash": "650c213b",
      "needsInterop": false
    },
    "sockjs-client": {
      "src": "../../../../../node_modules/sockjs-client/lib/entry.js",
      "file": "sockjs-client.js",
      "fileHash": "a000e0ff",
      "needsInterop": true
    }
  },
  "chunks": {
    "chunk-ZMKZXQHC": {
      "file": "chunk-ZMKZXQHC.js"
    },
    "chunk-P3HZPRKV": {
      "file": "chunk-P3HZPRKV.js"
    },
    "chunk-O7KVBX4A": {
      "file": "chunk-O7KVBX4A.js"
    },
    "chunk-WVLG5IPA": {
      "file": "chunk-WVLG5IPA.js"
    },
    "chunk-WEXDXDMG": {
      "file": "chunk-WEXDXDMG.js"
    },
    "chunk-JS4IV73K": {
      "file": "chunk-JS4IV73K.js"
    },
    "chunk-PEMESGUJ": {
      "file": "chunk-PEMESGUJ.js"
    },
    "chunk-S2K4JK7E": {
      "file": "chunk-S2K4JK7E.js"
    },
    "chunk-CJNMZQC3": {
      "file": "chunk-CJNMZQC3.js"
    },
    "chunk-YBCPKXH5": {
      "file": "chunk-YBCPKXH5.js"
    },
    "chunk-JSFEMK6X": {
      "file": "chunk-JSFEMK6X.js"
    },
    "chunk-E5ECCKE6": {
      "file": "chunk-E5ECCKE6.js"
    },
    "chunk-3OV72XIM": {
      "file": "chunk-3OV72XIM.js"
    }
  }
}