{
  "hash": "94ecb30b",
  "configHash": "930c0885",
  "lockfileHash": "90bb2476",
  "browserHash": "696294ed",
  "optimized": {
    "@angular/animations": {
      "src": "../../../../../node_modules/@angular/animations/fesm2022/animations.mjs",
      "file": "@angular_animations.js",
      "fileHash": "a743d590",
      "needsInterop": false
    },
    "@angular/cdk/keycodes": {
      "src": "../../../../../node_modules/@angular/cdk/fesm2022/keycodes.mjs",
      "file": "@angular_cdk_keycodes.js",
      "fileHash": "dd6b17d3",
      "needsInterop": false
    },
    "@angular/common": {
      "src": "../../../../../node_modules/@angular/common/fesm2022/common.mjs",
      "file": "@angular_common.js",
      "fileHash": "043a89e7",
      "needsInterop": false
    },
    "@angular/common/http": {
      "src": "../../../../../node_modules/@angular/common/fesm2022/http.mjs",
      "file": "@angular_common_http.js",
      "fileHash": "67750ca0",
      "needsInterop": false
    },
    "@angular/core": {
      "src": "../../../../../node_modules/@angular/core/fesm2022/core.mjs",
      "file": "@angular_core.js",
      "fileHash": "5b9ee245",
      "needsInterop": false
    },
    "@angular/forms": {
      "src": "../../../../../node_modules/@angular/forms/fesm2022/forms.mjs",
      "file": "@angular_forms.js",
      "fileHash": "2e5c03ce",
      "needsInterop": false
    },
    "@angular/material/autocomplete": {
      "src": "../../../../../node_modules/@angular/material/fesm2022/autocomplete.mjs",
      "file": "@angular_material_autocomplete.js",
      "fileHash": "45f9c8d5",
      "needsInterop": false
    },
    "@angular/material/chips": {
      "src": "../../../../../node_modules/@angular/material/fesm2022/chips.mjs",
      "file": "@angular_material_chips.js",
      "fileHash": "0ffd849f",
      "needsInterop": false
    },
    "@angular/material/form-field": {
      "src": "../../../../../node_modules/@angular/material/fesm2022/form-field.mjs",
      "file": "@angular_material_form-field.js",
      "fileHash": "60a43683",
      "needsInterop": false
    },
    "@angular/material/icon": {
      "src": "../../../../../node_modules/@angular/material/fesm2022/icon.mjs",
      "file": "@angular_material_icon.js",
      "fileHash": "0eb6a1fc",
      "needsInterop": false
    },
    "@angular/material/input": {
      "src": "../../../../../node_modules/@angular/material/fesm2022/input.mjs",
      "file": "@angular_material_input.js",
      "fileHash": "9cd4ee1c",
      "needsInterop": false
    },
    "@angular/material/paginator": {
      "src": "../../../../../node_modules/@angular/material/fesm2022/paginator.mjs",
      "file": "@angular_material_paginator.js",
      "fileHash": "d1e7eaf0",
      "needsInterop": false
    },
    "@angular/material/table": {
      "src": "../../../../../node_modules/@angular/material/fesm2022/table.mjs",
      "file": "@angular_material_table.js",
      "fileHash": "308bc51a",
      "needsInterop": false
    },
    "@angular/platform-browser": {
      "src": "../../../../../node_modules/@angular/platform-browser/fesm2022/platform-browser.mjs",
      "file": "@angular_platform-browser.js",
      "fileHash": "82e02d9e",
      "needsInterop": false
    },
    "@angular/platform-browser/animations": {
      "src": "../../../../../node_modules/@angular/platform-browser/fesm2022/animations.mjs",
      "file": "@angular_platform-browser_animations.js",
      "fileHash": "1b70ca79",
      "needsInterop": false
    },
    "@angular/router": {
      "src": "../../../../../node_modules/@angular/router/fesm2022/router.mjs",
      "file": "@angular_router.js",
      "fileHash": "124fb338",
      "needsInterop": false
    },
    "@stomp/stompjs": {
      "src": "../../../../../node_modules/@stomp/stompjs/esm6/index.js",
      "file": "@stomp_stompjs.js",
      "fileHash": "0bee9229",
      "needsInterop": false
    },
    "jwt-decode": {
      "src": "../../../../../node_modules/jwt-decode/build/esm/index.js",
      "file": "jwt-decode.js",
      "fileHash": "3ffd4c5e",
      "needsInterop": false
    },
    "ngx-toastr": {
      "src": "../../../../../node_modules/ngx-toastr/fesm2022/ngx-toastr.mjs",
      "file": "ngx-toastr.js",
      "fileHash": "47051d54",
      "needsInterop": false
    },
    "rxjs": {
      "src": "../../../../../node_modules/rxjs/dist/esm5/index.js",
      "file": "rxjs.js",
      "fileHash": "d4678f3f",
      "needsInterop": false
    },
    "sockjs-client": {
      "src": "../../../../../node_modules/sockjs-client/lib/entry.js",
      "file": "sockjs-client.js",
      "fileHash": "ea040891",
      "needsInterop": true
    }
  },
  "chunks": {
    "chunk-O7KVBX4A": {
      "file": "chunk-O7KVBX4A.js"
    },
    "chunk-WVLG5IPA": {
      "file": "chunk-WVLG5IPA.js"
    },
    "chunk-ZMKZXQHC": {
      "file": "chunk-ZMKZXQHC.js"
    },
    "chunk-P3HZPRKV": {
      "file": "chunk-P3HZPRKV.js"
    },
    "chunk-DN77P2UX": {
      "file": "chunk-DN77P2UX.js"
    },
    "chunk-S2K4JK7E": {
      "file": "chunk-S2K4JK7E.js"
    },
    "chunk-PEMESGUJ": {
      "file": "chunk-PEMESGUJ.js"
    },
    "chunk-CJNMZQC3": {
      "file": "chunk-CJNMZQC3.js"
    },
    "chunk-WEXDXDMG": {
      "file": "chunk-WEXDXDMG.js"
    },
    "chunk-YBCPKXH5": {
      "file": "chunk-YBCPKXH5.js"
    },
    "chunk-JSFEMK6X": {
      "file": "chunk-JSFEMK6X.js"
    },
    "chunk-E5ECCKE6": {
      "file": "chunk-E5ECCKE6.js"
    },
    "chunk-3OV72XIM": {
      "file": "chunk-3OV72XIM.js"
    }
  }
}